"Data Source","Education Statistics",

"Last Updated Date","2019-12-10",

"Country Name","Country Code","Indicator Name","Indicator Code","1976","1977","1978","1979","1980","1981","1982","1983","1984","1985","1986","1987","1988","1989","1990","1991","1992","1993","1994","1995","1996","1997","1998","1999","2000","2001","2002","2003","2004","2005","2006","2007","2008","2009","2010","2011","2012","2013","2014","2015","2016","2017","2018","2019","2020","2025","2030","2035","2040","2045","2050","2055","2060","2065","2070","2075","2080","2085","2090","2095","2100",
"Aruba","ABW","Youth illiterate population, 15-24 years, % female","UIS.LPP.AG15T24","","","","","","","","","","","","","","","","","","","","","","","","","43.41936","","","","","","","","","","38.01119","","","","","","","","","","","","","","","","","","","","","","","","","","",
"Afghanistan","AFG","Youth illiterate population, 15-24 years, % female","UIS.LPP.AG15T24","","","","61.15218","","","","","","","","","","","","","","","","","","","","","","","","","","","","","","","","62.50973","","","","","","","","","","","","","","","","","","","","","","","","","",
"Angola","AGO","Youth illiterate population, 15-24 years, % female","UIS.LPP.AG15T24","","","","","","","","","","","","","","","","","","","","","","","","","","70.10194","","","","","","","","","","","","","66.91524","","","","","","","","","","","","","","","","","","","","","","",
"Albania","ALB","Youth illiterate population, 15-24 years, % female","UIS.LPP.AG15T24","","","","","","","","","","","","","","","","","","","","","","","","","","45.41201","","","","","","","36.75758","","","44.77647","58.09584","","","","","","","","","","","","","","","","","","","","","","","","",
"Andorra","AND","Youth illiterate population, 15-24 years, % female","UIS.LPP.AG15T24","","","","","","","","","","","","","","","","","","","","","","","","","","","","","","","","","","","","","","","","","","","","","","","","","","","","","","","","","","","","","",
"Netherlands Antilles","ANT","Youth illiterate population, 15-24 years, % female","UIS.LPP.AG15T24","","","","","","","","","","","","","","","","","","","","","","","","","","","","","","","","","","","","","","","","","","","","","","","","","","","","","","","","","","","","","",
"Arab World","ARB","Youth illiterate population, 15-24 years, % female","UIS.LPP.AG15T24","","","64.35168","64.27177","64.22705","64.20893","64.20904","64.75687","64.84105","64.93678","64.99846","65.00483","64.99482","64.97726","65.00789","65.66345","65.68309","66.37273","66.20796","66.0818","65.85898","65.58521","65.14415","64.6786","64.20533","63.96171","63.62137","66.57374","66.04421","65.69702","61.86287","61.67053","61.50368","60.43318","60.16695","60.00568","59.71964","58.87047","58.40599","58.06968","57.77747","","","","","","","","","","","","","","","","","","","","",
"United Arab Emirates","ARE","Youth illiterate population, 15-24 years, % female","UIS.LPP.AG15T24","","","","","","","","","","36.5491","","","","","","","","","","","","","","","","","","","","22.54376","","","","","","","","","","","","","","","","","","","","","","","","","","","","","","","",
"Argentina","ARG","Youth illiterate population, 15-24 years, % female","UIS.LPP.AG15T24","","","","","43.22442","","","","","","","","","","","42.85814","","","","","","","","","","39.84529","","","","","44.07318","","","35.97069","28.81129","38.13877","30.45493","44.34272","41.89405","40.08811","36.88975","","","","","","","","","","","","","","","","","","","","",
"Armenia","ARM","Youth illiterate population, 15-24 years, % female","UIS.LPP.AG15T24","","","","","","","","","","","","","","49.07665","","","","","","","","","","","","37.37658","","","","","","","","","","41.94071","","","","","","","","","","","","","","","","","","","","","","","","","",
"American Samoa","ASM","Youth illiterate population, 15-24 years, % female","UIS.LPP.AG15T24","","","","","","","","","","","","","","","","","","","","","","","","","","","","","","","","","","","","","","","","","","","","","","","","","","","","","","","","","","","","","",
"Antigua and Barbuda","ATG","Youth illiterate population, 15-24 years, % female","UIS.LPP.AG15T24","","","","","","","","","","","","","","","","","","","","","","","","","","","","","","","","","","","","","","","","","","","","","","","","","","","","","","","","","","","","","",
"Australia","AUS","Youth illiterate population, 15-24 years, % female","UIS.LPP.AG15T24","","","","","","","","","","","","","","","","","","","","","","","","","","","","","","","","","","","","","","","","","","","","","","","","","","","","","","","","","","","","","",
"Austria","AUT","Youth illiterate population, 15-24 years, % female","UIS.LPP.AG15T24","","","","","","","","","","","","","","","","","","","","","","","","","","","","","","","","","","","","","","","","","","","","","","","","","","","","","","","","","","","","","",
"Azerbaijan","AZE","Youth illiterate population, 15-24 years, % female","UIS.LPP.AG15T24","","","","","","","","","","","","","","","","","","","","","","","","43.92293","","","","","","","","49.76528","","55.49374","67.03411","60.44674","64.06899","75.30672","71.782","67.33711","67.27042","","","","","","","","","","","","","","","","","","","","",
"Burundi","BDI","Youth illiterate population, 15-24 years, % female","UIS.LPP.AG15T24","","","","58.12711","","","","","","","","","","","57.29411","","","","","","","","","","56.64033","","","","","","","","57.82383","","","","","","64.34369","","","","","","","","","","","","","","","","","","","","","","",
"Belgium","BEL","Youth illiterate population, 15-24 years, % female","UIS.LPP.AG15T24","","","","","","","","","","","","","","","","","","","","","","","","","","","","","","","","","","","","","","","","","","","","","","","","","","","","","","","","","","","","","",
"Benin","BEN","Youth illiterate population, 15-24 years, % female","UIS.LPP.AG15T24","","","","60.48618","","","","","","","","","","","","","62.29191","","","","","","","","","","61.92689","","","","60.24241","","","","","","61.71377","","","","","","","","","","","","","","","","","","","","","","","","",
"Burkina Faso","BFA","Youth illiterate population, 15-24 years, % female","UIS.LPP.AG15T24","","","","","","","","","","","","","","","","53.65179","","","","","53.13204","","","","","","","54.41223","","54.61184","54.35807","55.03913","","","","","","","55.81313","","","","","","","","","","","","","","","","","","","","","","",
"Bangladesh","BGD","Youth illiterate population, 15-24 years, % female","UIS.LPP.AG15T24","","","","","","55.94401","","","","","","","","","","55.28592","","","","","","","","","","53.93166","","","","","","40.92543","","","","45.8703","45.90129","44.42755","46.00478","42.2296","40.65508","39.02731","","","","","","","","","","","","","","","","","","","",
"Bulgaria","BGR","Youth illiterate population, 15-24 years, % female","UIS.LPP.AG15T24","","","","","","","","","","","","","","","","","","","","","","","","","","51.38973","","","","","","","","","","53.41333","","","","","","","","","","","","","","","","","","","","","","","","","",
"Bahrain","BHR","Youth illiterate population, 15-24 years, % female","UIS.LPP.AG15T24","","","","","","58.51938","","","","","","","","","","52.03464","","","","","","","","","","40.8862","","","","","","","","","56.86395","","","","","","36.77265","","","","","","","","","","","","","","","","","","","","",
"Bahamas, The","BHS","Youth illiterate population, 15-24 years, % female","UIS.LPP.AG15T24","","","","","","","","","","","","","","","","","","","","","","","","","","","","","","","","","","","","","","","","","","","","","","","","","","","","","","","","","","","","","",
"Bosnia and Herzegovina","BIH","Youth illiterate population, 15-24 years, % female","UIS.LPP.AG15T24","","","","","","","","","","","","","","","","62.57105","","","","","","","","","37.10125","","","","","","","","","","","76.3922","","47.89505","","","","","","","","","","","","","","","","","","","","","","","",
"Belarus","BLR","Youth illiterate population, 15-24 years, % female","UIS.LPP.AG15T24","","","","","","","","","","","","","","42.71297","","","","","","","","","","40.68212","","","","","","","","","","42.02083","","","","","","","","","","","","","","","","","","","","","","","","","","","",
"Belize","BLZ","Youth illiterate population, 15-24 years, % female","UIS.LPP.AG15T24","","","","","","","","","","","","","","","","49.03265","","","","","","","","","","","","","","","","","","","","","","","","","","","","","","","","","","","","","","","","","","","","","",
"Bermuda","BMU","Youth illiterate population, 15-24 years, % female","UIS.LPP.AG15T24","","","","","","","","","","","","","","","","","","","","","","","","","","","","","","","","","","","","","","","","","","","","","","","","","","","","","","","","","","","","","",
"Bolivia","BOL","Youth illiterate population, 15-24 years, % female","UIS.LPP.AG15T24","73.77522","","","","","","","","","","","","","","","","69.33358","","","","","","","","","72.46948","","","","","","77.27197","64.26472","74.50575","","61.41751","57.7247","","","48.93587","","","","","","","","","","","","","","","","","","","","","",
"Brazil","BRA","Youth illiterate population, 15-24 years, % female","UIS.LPP.AG15T24","","","","","45.80809","","","","","","","","","","","","","","","","","","","","36.39282","","","","32.71676","","33.301","32.31262","33.6711","33.26484","33.23752","30.12255","34.92974","29.97528","31.91221","31.10318","","","","","","","","","","","","","","","","","","","","","",
"Barbados","BRB","Youth illiterate population, 15-24 years, % female","UIS.LPP.AG15T24","","","","","","","","","55.34779","","","","","","","","","","55.2572","","","","","","","","","","55.44347","","","","","","","","","","55.46291","","","","","","","","","","","","","","","","","","","","","","",
"Brunei Darussalam","BRN","Youth illiterate population, 15-24 years, % female","UIS.LPP.AG15T24","","","","","","50.18432","","","","","","","","","","49.22893","","","","","","","","","","49.97884","","","","","","","","","","34.55687","","","","","","","","","","","","","","","","","","","","","","","","","",
"Bhutan","BTN","Youth illiterate population, 15-24 years, % female","UIS.LPP.AG15T24","","","","","","","","","","","","","","","","","","","","","","","","","","","","","","58.94226","","","","","","","60.79332","","","","","","","","","","","","","","","","","","","","","","","","",
"Botswana","BWA","Youth illiterate population, 15-24 years, % female","UIS.LPP.AG15T24","","","","","","","","","","","","","","","","35.39485","","","","","","","","","","","","35.42396","","","","","","","","","","","12.76229","","","","","","","","","","","","","","","","","","","","","","",
"Central African Republic","CAF","Youth illiterate population, 15-24 years, % female","UIS.LPP.AG15T24","","","","","","","","","","","","","63.98479","","","","","","","","","","","","65.49353","","","","","","","","","","59.25971","","","","","","","","","","","","","","","","","","","","","","","","","","",
"Canada","CAN","Youth illiterate population, 15-24 years, % female","UIS.LPP.AG15T24","","","","","","","","","","","","","","","","","","","","","","","","","","","","","","","","","","","","","","","","","","","","","","","","","","","","","","","","","","","","","",
"Central Europe and the Baltics","CEB","Youth illiterate population, 15-24 years, % female","UIS.LPP.AG15T24","","","","","","53.75119","53.52932","53.31905","52.84615","52.67094","52.49544","52.29678","51.80195","51.74459","51.41584","51.19032","50.79851","50.52915","","","","","","","","","","","","","","","","","","","","","","","","","","","","","","","","","","","","","","","","","","","",
"Switzerland","CHE","Youth illiterate population, 15-24 years, % female","UIS.LPP.AG15T24","","","","","","","","","","","","","","","","","","","","","","","","","","","","","","","","","","","","","","","","","","","","","","","","","","","","","","","","","","","","","",
"Channel Islands","CHI","Youth illiterate population, 15-24 years, % female","UIS.LPP.AG15T24","","","","","","","","","","","","","","","","","","","","","","","","","","","","","","","","","","","","","","","","","","","","","","","","","","","","","","","","","","","","","",
"Chile","CHL","Youth illiterate population, 15-24 years, % female","UIS.LPP.AG15T24","","","","","","","42.55049","","","","","","","","","","40.80675","","","","","","","","","","39.86053","","","","","","46.73279","48.43191","","32.61021","","46.9902","","42.28876","","","","","","","","","","","","","","","","","","","","","",
"China","CHN","Youth illiterate population, 15-24 years, % female","UIS.LPP.AG15T24","","","","","","","77.9985","","","","","","","","72.92403","","","","","","","","","","63.7665","","","","","","","","","","54.62928","","","","","","","","","","","","","","","","","","","","","","","","","","",
"Cote d'Ivoire","CIV","Youth illiterate population, 15-24 years, % female","UIS.LPP.AG15T24","","","","","","","","","","","","","59.89927","","","","","","","","","","56.46547","","61.79828","","","","","","","","","","","","59.11678","","56.05514","","","","","","","","","","","","","","","","","","","","","","",
"Cameroon","CMR","Youth illiterate population, 15-24 years, % female","UIS.LPP.AG15T24","66.78297","","","","","","","","","","","","","","","","","","","","","","","","65.41063","","","","","","","67.8121","","","61.48373","","","","","","","","","","","","","","","","","","","","","","","","","","",
"Congo, Dem. Rep.","COD","Youth illiterate population, 15-24 years, % female","UIS.LPP.AG15T24","","","","","","","","","","","","","","","","","","","","","","","","","","62.55072","","","","","","68.83479","","","","","72.17106","","","","69.06069","","","","","","","","","","","","","","","","","","","","",
"Congo, Rep.","COG","Youth illiterate population, 15-24 years, % female","UIS.LPP.AG15T24","","","","","","","","","","","","","","","","","","","","","","","","","","","","","","","","","","","","61.56346","","","","","","","","","","","","","","","","","","","","","","","","","",
"Cook Islands","COK","Youth illiterate population, 15-24 years, % female","UIS.LPP.AG15T24","","","","","","","","","","","","","","","","","","","","","","","","","","","","","","","","","","","","","","","","","","","","","","","","","","","","","","","","","","","","","",
"Colombia","COL","Youth illiterate population, 15-24 years, % female","UIS.LPP.AG15T24","","","","","","","","","","","","","","","","","","40.63603","","","39.86586","","","","","","","","38.82366","38.97926","41.6597","37.98309","38.45069","37.31537","38.34388","35.63049","","","34.4936","36.31103","35.89942","","","","","","","","","","","","","","","","","","","","",
"Comoros","COM","Youth illiterate population, 15-24 years, % female","UIS.LPP.AG15T24","","","","","59.16493","","","","","","","","","","","","","","","","","","","","57.75209","","","","","","","","","","","","52.95713","","","","","","","","","","","","","","","","","","","","","","","","",
"Cabo Verde","CPV","Youth illiterate population, 15-24 years, % female","UIS.LPP.AG15T24","","","","","","","","","","","","","","","57.50938","","","","","","","","","","","","","","34.61942","","","","","","","","42.54104","","","34.42778","","","","","","","","","","","","","","","","","","","","","",
"Costa Rica","CRI","Youth illiterate population, 15-24 years, % female","UIS.LPP.AG15T24","","","","","","","","","42.49585","","","","","","","","","","","","","","","","40.3879","","","","","","","","","","","41.84523","","","","","","","","","","","","","","","","","","","","","","","","","",
"Caribbean small states","CSS","Youth illiterate population, 15-24 years, % female","UIS.LPP.AG15T24","","","","","","","","","","","","","","","","","","33.92629","33.98507","34.26963","34.45839","34.68313","34.82948","34.84539","34.76855","34.73496","34.61604","34.48494","34.38284","34.33916","34.41095","32.87749","33.04383","33.36508","33.23356","","","","","","","","","","","","","","","","","","","","","","","","","","",
"Cuba","CUB","Youth illiterate population, 15-24 years, % female","UIS.LPP.AG15T24","","","","","","","","","","","","","","","","","","","","","","","","","","","51.33807","","","","","","","","","","40.46729","","","","","","","","","","","","","","","","","","","","","","","","",
"Curacao","CUW","Youth illiterate population, 15-24 years, % female","UIS.LPP.AG15T24","","","","","","","","","","","","","","","","","","","","","","","","","","","","","","","","","","","","","","","","","","","","","","","","","","","","","","","","","","","","","",
"Cayman Islands","CYM","Youth illiterate population, 15-24 years, % female","UIS.LPP.AG15T24","","","","","","","","","","","","","","","","","","","","","","","","","","","","","","","","61.63619","","","","","","","","","","","","","","","","","","","","","","","","","","","","","",
"Cyprus","CYP","Youth illiterate population, 15-24 years, % female","UIS.LPP.AG15T24","","","","","","","","","","","","","","","","","41.97608","","","","","","","","","38.48749","","","","","","","","","","42.8955","","","","","","","","","","","","","","","","","","","","","","","","","",
"Czech Republic","CZE","Youth illiterate population, 15-24 years, % female","UIS.LPP.AG15T24","","","","","","","","","","","","","","","","","","","","","","","","","","","","","","","","","","","","","","","","","","","","","","","","","","","","","","","","","","","","","",
"Germany","DEU","Youth illiterate population, 15-24 years, % female","UIS.LPP.AG15T24","","","","","","","","","","","","","","","","","","","","","","","","","","","","","","","","","","","","","","","","","","","","","","","","","","","","","","","","","","","","","",
"Djibouti","DJI","Youth illiterate population, 15-24 years, % female","UIS.LPP.AG15T24","","","","","","","","","","","","","","","","","","","","","","","","","","","","","","","","","","","","","","","","","","","","","","","","","","","","","","","","","","","","","",
"Dominica","DMA","Youth illiterate population, 15-24 years, % female","UIS.LPP.AG15T24","","","","","","","","","","","","","","","","","","","","","","","","","","","","","","","","","","","","","","","","","","","","","","","","","","","","","","","","","","","","","",
"Denmark","DNK","Youth illiterate population, 15-24 years, % female","UIS.LPP.AG15T24","","","","","","","","","","","","","","","","","","","","","","","","","","","","","","","","","","","","","","","","","","","","","","","","","","","","","","","","","","","","","",
"Dominican Republic","DOM","Youth illiterate population, 15-24 years, % female","UIS.LPP.AG15T24","","","","","","46.62941","","","","","","","","","","","","","","","","","","","","","39.69714","","","","","36.24851","","","33.14738","32.97925","37.44445","34.74061","42.1382","41.15126","48.43774","","","","","","","","","","","","","","","","","","","","",
"Algeria","DZA","Youth illiterate population, 15-24 years, % female","UIS.LPP.AG15T24","","","","","","","","","","","","72.43403","","","","","","","","","","","","","","","69.25717","","","","65.09771","","65.26779","","","","","","","","","","","","","","","","","","","","","","","","","","","","",
"East Asia & Pacific (excluding high income)","EAP","Youth illiterate population, 15-24 years, % female","UIS.LPP.AG15T24","75.51214","75.49222","75.44039","75.20147","74.78463","74.2847","73.47042","73.27575","72.80091","72.25004","71.6007","73.04372","70.72374","69.90931","69.08079","68.01913","67.01602","66.08019","65.34837","64.66284","64.21601","60.8841","60.40276","59.50386","58.62792","59.00611","58.49175","57.47337","55.77178","54.92644","55.29736","53.59552","52.61573","51.402","50.69024","50.41499","50.09454","48.99231","48.68361","48.55928","47.98589","","","","","","","","","","","","","","","","","","","","",
"Early-demographic dividend","EAR","Youth illiterate population, 15-24 years, % female","UIS.LPP.AG15T24","62.00435","61.85053","61.65671","61.47666","61.17802","60.86969","60.53875","60.26681","59.88407","59.55032","59.21926","59.16848","61.51463","61.46403","61.30141","61.2062","61.35692","61.72346","61.46436","61.20868","60.94316","60.74008","62.78231","62.26837","61.82236","61.32164","61.76857","62.33066","61.91339","63.49439","62.81156","60.59513","61.86308","61.36903","60.13324","57.02617","59.36109","58.51543","57.64328","56.74966","55.8873","","","","","","","","","","","","","","","","","","","","",
"East Asia & Pacific","EAS","Youth illiterate population, 15-24 years, % female","UIS.LPP.AG15T24","75.28912","75.27214","75.20681","74.95424","74.5247","74.01557","73.19381","72.99546","72.51353","71.95505","71.29963","72.68906","70.34081","69.53176","68.70906","67.66609","66.68144","65.76446","65.04256","64.38635","63.95993","60.59276","60.14473","59.29209","58.38704","58.85153","58.36869","57.38655","55.70774","54.88097","55.24688","53.5807","52.62353","51.44569","50.75418","50.4702","50.15855","49.08429","48.79238","48.6683","48.11599","","","","","","","","","","","","","","","","","","","","",
"Europe & Central Asia (excluding high income)","ECA","Youth illiterate population, 15-24 years, % female","UIS.LPP.AG15T24","","","","","","","","73.98914","73.67274","72.60108","71.51766","70.33094","69.0168","73.63814","72.35747","71.53658","70.59455","69.63937","68.64397","67.61817","66.71564","65.66394","65.11038","63.37612","70.55548","70.10993","69.55193","68.42217","66.97299","67.35271","66.64007","67.51043","67.49379","66.06478","65.34281","63.59183","62.28855","60.82445","59.73564","58.202","56.78233","","","","","","","","","","","","","","","","","","","","",
"Europe & Central Asia","ECS","Youth illiterate population, 15-24 years, % female","UIS.LPP.AG15T24","","","","","","","","","","","62.21328","61.36328","61.51976","64.61157","63.78934","63.33124","62.73308","62.13137","61.49772","61.11414","60.77348","60.36212","60.06227","59.23335","64.61997","64.75016","64.83814","64.5511","64.05271","64.24072","63.38453","64.15952","63.80507","62.02743","60.47474","58.48392","57.34869","56.37869","55.58232","53.82126","52.94121","","","","","","","","","","","","","","","","","","","","",
"Ecuador","ECU","Youth illiterate population, 15-24 years, % female","UIS.LPP.AG15T24","","","","","","","58.10978","","","","","","","","54.32595","","","","","","","","","","","48.59405","","","","","","44.07689","48.63092","45.93332","42.10662","45.09606","46.68114","48.32112","44.37931","61.4194","45.05789","","","","","","","","","","","","","","","","","","","","",
"Egypt, Arab Rep.","EGY","Youth illiterate population, 15-24 years, % female","UIS.LPP.AG15T24","60.65428","","","","","","","","","","60.95313","","","","","","","","","","60.22649","","","","","","","","","66.91159","58.9175","","","","61.37446","","63.63654","59.38076","","","","54.58731","","","","","","","","","","","","","","","","","","","",
"Euro area","EMU","Youth illiterate population, 15-24 years, % female","UIS.LPP.AG15T24","","","","","","","","","","","","","48.83037","48.80015","48.72978","48.69611","48.52234","48.45772","48.39852","48.30298","48.22153","48.18816","47.76294","47.6508","47.63","47.55051","49.19197","49.07059","48.53211","48.78894","48.02002","47.44403","47.2373","49.16185","46.00924","46.26975","46.95185","48.38446","48.7105","47.04088","48.3923","","","","","","","","","","","","","","","","","","","","",
"Eritrea","ERI","Youth illiterate population, 15-24 years, % female","UIS.LPP.AG15T24","","","","","","","","","","","","","","","","","","","","","","","","","","","68.88922","","","","","","66.54127","","","","","","","","","","","","","","","","","","","","","","","","","","","","",
"Spain","ESP","Youth illiterate population, 15-24 years, % female","UIS.LPP.AG15T24","","","","","","49.06768","","","","","","","","","","47.24683","","","","","","","","","","","","","51.16449","52.35545","","49.84997","44.2918","53.66643","37.57476","41.16303","43.92478","52.8544","55.3316","43.47083","51.01363","","","","","","","","","","","","","","","","","","","","",
"Estonia","EST","Youth illiterate population, 15-24 years, % female","UIS.LPP.AG15T24","","","","","","","","","","","","","","34.87129","","","","","","","","","","","39.29995","","","","","","","","","","","38.82189","","","","","","","","","","","","","","","","","","","","","","","","","",
"Ethiopia","ETH","Youth illiterate population, 15-24 years, % female","UIS.LPP.AG15T24","","","","","","","","","","","","","","","","","","","53.8944","","","","","","","","","","61.86399","60.08991","","58.70825","","","","","","","","","","","","","","","","","","","","","","","","","","","","","",
"European Union","EUU","Youth illiterate population, 15-24 years, % female","UIS.LPP.AG15T24","","","","","","","","","","","","","49.21065","49.17321","49.10149","49.06391","48.92107","48.85963","48.79716","48.71593","48.64831","48.59981","48.26056","48.23289","48.11428","47.94882","48.68546","48.427","47.93511","47.91699","47.47629","47.09458","47.23235","49.16354","47.27676","47.28102","47.60255","48.39146","48.52469","47.41946","","","","","","","","","","","","","","","","","","","","","",
"Fragile and conflict affected situations","FCS","Youth illiterate population, 15-24 years, % female","UIS.LPP.AG15T24","","","","","","","","","","","","62.64287","62.58987","62.56072","62.51517","62.46131","62.37509","62.32745","62.46156","62.04205","61.93025","61.95502","62.30778","61.87261","61.80012","61.30212","60.93152","60.29724","59.96037","59.62896","60.52","60.38704","60.15582","59.65944","59.53961","58.69056","58.92029","58.85813","58.42836","58.37704","57.69677","","","","","","","","","","","","","","","","","","","","",
"Finland","FIN","Youth illiterate population, 15-24 years, % female","UIS.LPP.AG15T24","","","","","","","","","","","","","","","","","","","","","","","","","","","","","","","","","","","","","","","","","","","","","","","","","","","","","","","","","","","","","",
"Fiji","FJI","Youth illiterate population, 15-24 years, % female","UIS.LPP.AG15T24","","","","","","","","","","","","","","","","","","","","","","","","","","","","","","","","","","","","","","","","","","","","","","","","","","","","","","","","","","","","","",
"France","FRA","Youth illiterate population, 15-24 years, % female","UIS.LPP.AG15T24","","","","","","","","","","","","","","","","","","","","","","","","","","","","","","","","","","","","","","","","","","","","","","","","","","","","","","","","","","","","","",
"Faroe Islands","FRO","Youth illiterate population, 15-24 years, % female","UIS.LPP.AG15T24","","","","","","","","","","","","","","","","","","","","","","","","","","","","","","","","","","","","","","","","","","","","","","","","","","","","","","","","","","","","","",
"Micronesia, Fed. Sts.","FSM","Youth illiterate population, 15-24 years, % female","UIS.LPP.AG15T24","","","","","","","","","","","","","","","","","","","","","","","","","","","","","","","","","","","","","","","","","","","","","","","","","","","","","","","","","","","","","",
"Global Partnership for Education","FTI","Youth illiterate population, 15-24 years, % female","UIS.LPP.AG15T24","","","","","","","","","","","","","","","","","","","","","","","","60.3436068440091","60.3436068440091","60.3436068440091","60.3436068440091","60.3436068440091","60.3436068440091","59.3039180186078","59.3039180186078","59.3039180186078","59.3039180186078","59.3039180186078","59.3039180186078","","","","","","","","","","","","","","","","","","","","","","","","","","",
"Gabon","GAB","Youth illiterate population, 15-24 years, % female","UIS.LPP.AG15T24","","","","","","","","","","","","","","","","","","58.51285","","","","","","","","","","","","","","","","","","","44.59518","","","","","","","","","","","","","","","","","","","","","","","","",
"United Kingdom","GBR","Youth illiterate population, 15-24 years, % female","UIS.LPP.AG15T24","","","","","","","","","","","","","","","","","","","","","","","","","","","","","","","","","","","","","","","","","","","","","","","","","","","","","","","","","","","","","",
"Georgia","GEO","Youth illiterate population, 15-24 years, % female","UIS.LPP.AG15T24","","","","","","","","","","","","","","","","","","","","","","","","","","","39.34115","","","","","","","","","","","","44.21322","","","","","","","","","","","","","","","","","","","","","","",
"Ghana","GHA","Youth illiterate population, 15-24 years, % female","UIS.LPP.AG15T24","","","","","","","","","","","","","","","","","","","","","","","","","58.17053","","","","","","","","","","58.60356","","","","","","","","","","","","","","","","","","","","","","","","","","",
"Gibraltar","GIB","Youth illiterate population, 15-24 years, % female","UIS.LPP.AG15T24","","","","","","","","","","","","","","","","","","","","","","","","","","","","","","","","","","","","","","","","","","","","","","","","","","","","","","","","","","","","","",
"Guinea","GIN","Youth illiterate population, 15-24 years, % female","UIS.LPP.AG15T24","","","","","","","","","","","","","","","","","","","","","60.80601","","","","","","","61.67139","","","","","","","55.15595","","","","58.81665","","","","","","","","","","","","","","","","","","","","","","",
"Gambia, The","GMB","Youth illiterate population, 15-24 years, % female","UIS.LPP.AG15T24","","","","","","","","","","","","","","","","","","","","","","","","","63.67845","","","","","","","","","","","","","56.73812","","","","","","","","","","","","","","","","","","","","","","","",
"Guinea-Bissau","GNB","Youth illiterate population, 15-24 years, % female","UIS.LPP.AG15T24","","","","68.32704","","","","","","","","","","","","","","","","","","","","","68.91265","","","","","","","","","","","","","","64.03275","","","","","","","","","","","","","","","","","","","","","","",
"Equatorial Guinea","GNQ","Youth illiterate population, 15-24 years, % female","UIS.LPP.AG15T24","","","","","","","","","","","","","","","","","","","","","","","","","55.92692","","","","","","","","","","","","","","31.73027","","","","","","","","","","","","","","","","","","","","","","",
"Greece","GRC","Youth illiterate population, 15-24 years, % female","UIS.LPP.AG15T24","","","","","","51.62141","","","","","","","","","","48.70323","","","","","","","","","","45.70553","","","","49.13886","","35.47823","","50.965","","45.1688","","","","","","","","","","","","","","","","","","","","","","","","","",
"Grenada","GRD","Youth illiterate population, 15-24 years, % female","UIS.LPP.AG15T24","","","","","","","","","32.64679","","","","","","","","","","31.41459","","","","","","","","","","31.51371","","","","","","","","","","31.70048","","","","","","","","","","","","","","","","","","","","","","",
"Greenland","GRL","Youth illiterate population, 15-24 years, % female","UIS.LPP.AG15T24","","","","","","","","","","","","","","","","","","","","","","","","","","","","","","","","","","","","","","","","","","","","","","","","","","","","","","","","","","","","","",
"Guatemala","GTM","Youth illiterate population, 15-24 years, % female","UIS.LPP.AG15T24","","","","","","","","","","","","","","","","","","","62.01299","","","","","","","","61.73038","","","","","","","","","","63.61948","63.30738","59.31465","","","","","","","","","","","","","","","","","","","","","","",
"Guam","GUM","Youth illiterate population, 15-24 years, % female","UIS.LPP.AG15T24","","","","","43.19362","","","","","","","","","","54.37236","","","","","","","","","","","","","","","","","","","","","","","","","","","","","","","","","","","","","","","","","","","","","","",
"Guyana","GUY","Youth illiterate population, 15-24 years, % female","UIS.LPP.AG15T24","","","","","","","","","","","","","","","","","","","","","","","","","","","","","","","","","","45.6262","","","","","43.47372","","","","","","","","","","","","","","","","","","","","","","",
"High income","HIC","Youth illiterate population, 15-24 years, % female","UIS.LPP.AG15T24","","","","","","","","","","","","","","","","","","","","","","","","","","","","","","","","","","","","","","","","","","","","","","","","","","","","","","","","","","","","","",
"Hong Kong SAR, China","HKG","Youth illiterate population, 15-24 years, % female","UIS.LPP.AG15T24","","","","","","","","","","","","","","","","","","","","","","","","","","","","","","","","","","","","","","","","","","","","","","","","","","","","","","","","","","","","","",
"Honduras","HND","Youth illiterate population, 15-24 years, % female","UIS.LPP.AG15T24","","","","","","","","","","","","","","","","","","","","","","","","","","40.76972","","","","","","39.92058","","","42.03803","37.17204","39.46603","36.94249","42.12553","36.79194","34.59563","","","","","","","","","","","","","","","","","","","","",
"Heavily indebted poor countries (HIPC)","HPC","Youth illiterate population, 15-24 years, % female","UIS.LPP.AG15T24","","","","","","","","","","","59.95057","59.8925","59.69749","59.6288","59.40886","59.15493","58.91264","58.67037","58.38112","58.12394","57.78557","57.52182","57.66996","57.84503","57.64256","57.11743","59.51119","59.2837","59.66043","59.20061","59.47454","59.26284","59.00217","59.06921","58.52273","57.706","57.88658","57.7889","57.45658","57.12089","56.41112","","","","","","","","","","","","","","","","","","","","",
"Croatia","HRV","Youth illiterate population, 15-24 years, % female","UIS.LPP.AG15T24","","","","","","","","","","","","","","","","53.21083","","","","","","","","","","48.38348","","","","","","","","","","46.7784","","","","","","","","","","","","","","","","","","","","","","","","","",
"Haiti","HTI","Youth illiterate population, 15-24 years, % female","UIS.LPP.AG15T24","","","","","","","50.51876","","","","","","","","","","","","","","","","","","","","","52.76426","","","53.46174","","","","","","","","","","","","","","","","","","","","","","","","","","","","","","",
"Hungary","HUN","Youth illiterate population, 15-24 years, % female","UIS.LPP.AG15T24","","","","","52.89175","","","","","","","","","","","","","","","","","","","","","","","","","","","","","","","","","","42.07812","","","","","","","","","","","","","","","","","","","","","","",
"IBRD only","IBD","Youth illiterate population, 15-24 years, % female","UIS.LPP.AG15T24","66.78432","66.67274","66.32597","65.95225","65.43535","64.9724","64.37612","64.10631","63.61485","63.14007","62.65588","62.53882","63.96826","63.84196","63.6134","63.64711","63.39461","63.3221","63.10127","62.87093","62.58439","61.94652","64.41345","63.91705","63.62937","63.17654","62.69308","62.79123","62.225","65.07779","64.39753","63.8838","63.63593","62.68809","61.0738","60.42151","59.72635","58.62898","57.82676","56.87173","55.89845","","","","","","","","","","","","","","","","","","","","",
"IDA & IBRD total","IBT","Youth illiterate population, 15-24 years, % female","UIS.LPP.AG15T24","64.98684","64.86752","64.54163","64.19045","63.73281","63.29426","62.78088","62.50197","62.05834","61.63897","61.22742","61.03372","62.07681","61.90954","61.6315","61.5113","61.52183","61.68758","61.42614","61.15712","60.86268","60.28907","61.70162","61.38682","61.27708","60.83739","61.07416","61.4093","61.08589","61.96383","61.55844","60.13982","60.79171","60.37532","59.53197","57.58923","59.04217","58.54493","57.97851","57.41789","56.72531","","","","","","","","","","","","","","","","","","","","",
"IDA total","IDA","Youth illiterate population, 15-24 years, % female","UIS.LPP.AG15T24","","","","","","","","","","","","","","","","","","","","","","","","","","","","","","","","","","","","","","","","","","","","","","","","","","","","","","","","","","","","","",
"IDA blend","IDB","Youth illiterate population, 15-24 years, % female","UIS.LPP.AG15T24","61.37514","61.22944","61.03251","60.79987","60.52674","60.19044","59.92647","59.65837","59.38504","59.13408","58.9462","58.62808","58.30224","57.97731","57.6135","57.31917","59.65601","62.37621","62.18964","61.96641","61.95886","61.59619","61.21048","60.84156","62.40529","62.10005","61.64769","64.41711","63.90216","63.38973","63.01455","62.67972","62.41834","62.19828","61.87391","60.89103","61.60466","61.42562","60.79209","60.42623","60.00849","","","","","","","","","","","","","","","","","","","","",
"Indonesia","IDN","Youth illiterate population, 15-24 years, % female","UIS.LPP.AG15T24","","","","","63.18266","","","","","","","","","","64.84095","","","","","","","","","","","","","","55.80294","","55.10739","","56.49939","56.5223","","50.10813","","","49.07674","53.70818","51.00841","","","","","","","","","","","","","","","","","","","","",
"IDA only","IDX","Youth illiterate population, 15-24 years, % female","UIS.LPP.AG15T24","","","","","","","","59.20357","58.96461","58.74482","58.55605","58.40659","59.23535","59.16872","58.97484","58.75542","58.47747","58.23351","57.9736","57.74484","57.46269","57.23536","57.95284","58.00281","57.72045","57.22436","58.71247","58.42348","58.52334","57.93559","58.07788","55.7182","57.62352","57.61097","57.23568","54.1027","57.32322","57.18032","56.82799","56.47147","55.84524","","","","","","","","","","","","","","","","","","","","",
"Isle of Man","IMN","Youth illiterate population, 15-24 years, % female","UIS.LPP.AG15T24","","","","","","","","","","","","","","","","","","","","","","","","","","","","","","","","","","","","","","","","","","","","","","","","","","","","","","","","","","","","","",
"India","IND","Youth illiterate population, 15-24 years, % female","UIS.LPP.AG15T24","","","","","","61.95599","","","","","","","","","","63.83849","","","","","","","","","","65.36972","","","","","67.09564","","","","","62.40117","","","","","","","","","","","","","","","","","","","","","","","","","",
"Ireland","IRL","Youth illiterate population, 15-24 years, % female","UIS.LPP.AG15T24","","","","","","","","","","","","","","","","","","","","","","","","","","","","","","","","","","","","","","","","","","","","","","","","","","","","","","","","","","","","","",
"Iran, Islamic Rep.","IRN","Youth illiterate population, 15-24 years, % female","UIS.LPP.AG15T24","64.79809","","","","","","","","","","68.08945","","","","","70.75293","","","","","67.3901","","","","","","","","","62.92528","57.20586","","58.96508","","","","57.75539","56.69705","55.08642","","52.68337","","","","","","","","","","","","","","","","","","","","",
"Iraq","IRQ","Youth illiterate population, 15-24 years, % female","UIS.LPP.AG15T24","","","","","","","","","","","","","","","","","","","","","","","","","62.71969","","","","","","","","","","","","","53.18525","","","","","","","","","","","","","","","","","","","","","","","",
"Iceland","ISL","Youth illiterate population, 15-24 years, % female","UIS.LPP.AG15T24","","","","","","","","","","","","","","","","","","","","","","","","","","","","","","","","","","","","","","","","","","","","","","","","","","","","","","","","","","","","","",
"Israel","ISR","Youth illiterate population, 15-24 years, % female","UIS.LPP.AG15T24","","","","","","","","66.29237","","","","","","","","","","","","","","","","","","","","","","","","","","","","","","","","","","","","","","","","","","","","","","","","","","","","","",
"Italy","ITA","Youth illiterate population, 15-24 years, % female","UIS.LPP.AG15T24","","","","","","56.94659","","","","","","","","","","","","","","","","","","","","46.80922","","","","","","","","","","45.6048","","","","","","","","","","","","","","","","","","","","","","","","","",
"Jamaica","JAM","Youth illiterate population, 15-24 years, % female","UIS.LPP.AG15T24","","","","","","","","","","","","","","","","","","","","","","","","22.76409","","","","","","","","","","","","","","","15.87418","","","","","","","","","","","","","","","","","","","","","","",
"Jordan","JOR","Youth illiterate population, 15-24 years, % female","UIS.LPP.AG15T24","","","","75.76833","","","","","","","","","","","","","","","","","","","","","","","","60.07501","","46.05607","","48.73838","","","48.90534","43.24705","43.73669","","","","","","","","","","","","","","","","","","","","","","","","",
"Japan","JPN","Youth illiterate population, 15-24 years, % female","UIS.LPP.AG15T24","","","","","","","","","","","","","","","","","","","","","","","","","","","","","","","","","","","","","","","","","","","","","","","","","","","","","","","","","","","","","",
"Kazakhstan","KAZ","Youth illiterate population, 15-24 years, % female","UIS.LPP.AG15T24","","","","","","","","","","","","","","72.94855","","","","","","","","","","39.72897","","","","","","","","","","40.6997","71.34883","","","","","","","","","","","","","","","","","","","","","","","","","","",
"Kenya","KEN","Youth illiterate population, 15-24 years, % female","UIS.LPP.AG15T24","","","","","","","","","","","","","","","","","","","","","","","","","54.56817","","","","","","","52.14756","","","","","","","51.37394","","","","","","","","","","","","","","","","","","","","","","",
"Kyrgyz Republic","KGZ","Youth illiterate population, 15-24 years, % female","UIS.LPP.AG15T24","","","","","","","","","","","","","","","","","","","","","","","","42.09532","","","","","","","","","","40.09598","","","","","","","","","","","","","","","","","","","","","","","","","","","",
"Cambodia","KHM","Youth illiterate population, 15-24 years, % female","UIS.LPP.AG15T24","","","","","","","","","","","","","","","","","","","","","","","62.07559","","","","","","63.54096","","","","57.35596","54.36309","","","","","47.71387","46.58613","","","","","","","","","","","","","","","","","","","","","",
"Kiribati","KIR","Youth illiterate population, 15-24 years, % female","UIS.LPP.AG15T24","","","","","","","","","","","","","","","","","","","","","","","","","","","","","","","","","","","","","","","","","","","","","","","","","","","","","","","","","","","","","",
"St. Kitts and Nevis","KNA","Youth illiterate population, 15-24 years, % female","UIS.LPP.AG15T24","","","","","","","","","","","","","","","","","","","","","","","","","","","","","","","","","","","","","","","","","","","","","","","","","","","","","","","","","","","","","",
"Korea, Rep.","KOR","Youth illiterate population, 15-24 years, % female","UIS.LPP.AG15T24","","","","","","","","","","","","","","","","","","","","","","","","","","","","","","","","","","","","","","","","","","","","","","","","","","","","","","","","","","","","","",
"Kuwait","KWT","Youth illiterate population, 15-24 years, % female","UIS.LPP.AG15T24","","","","","50.68461","","","","","61.62113","","","","","","","","","","60.66211","","","","","","","","","","36.57829","46.18271","44.39127","43.46563","","55.96658","","46.85229","54.93823","","39.48945","","30.32459","24.56228","","","","","","","","","","","","","","","","","","",
"Latin America & Caribbean (excluding high income)","LAC","Youth illiterate population, 15-24 years, % female","UIS.LPP.AG15T24","53.17039","52.47224","51.64758","50.81382","49.99795","49.20878","48.41037","47.59196","46.80104","46.0179","45.31597","45.25414","44.74326","43.84328","42.94645","43.14494","43.44445","43.96518","44.58843","45.40771","45.23433","45.66267","45.55375","45.0623","44.68222","44.71288","44.95389","45.17663","44.09971","43.86843","46.28083","45.43716","45.39277","45.68218","43.67418","43.35522","43.55245","43.91292","43.64191","43.36574","42.62297","","","","","","","","","","","","","","","","","","","","",
"Lao PDR","LAO","Youth illiterate population, 15-24 years, % female","UIS.LPP.AG15T24","","","","","","","","","","","","","","","","","","","","62.50884","","","","","68.49518","58.93358","","","","66.14899","","","","","","58.65659","","","","62.37159","","","","","","","","","","","","","","","","","","","","","",
"Lebanon","LBN","Youth illiterate population, 15-24 years, % female","UIS.LPP.AG15T24","","","","","","","","","","","","","","","","","","","","","","","","","","","","","","","","38.44521","","46.53511","","","","","","","","","","","","","","","","","","","","","","","","","","","",
"Liberia","LBR","Youth illiterate population, 15-24 years, % female","UIS.LPP.AG15T24","","","","","","","","","64.36967","","","","","","","","","","","","","","","","","","","","","","","62.7065","","","","","","","","","","","","","","","","","","","","","","","","","","","","","",
"Libya","LBY","Youth illiterate population, 15-24 years, % female","UIS.LPP.AG15T24","","","","","","","","","89.18945","","","","","","","","","","86.04067","","","","","","","","","","79.24371","","","","","","","","","","","","","","","","","","","","","","","","","","","","","","","","",
"St. Lucia","LCA","Youth illiterate population, 15-24 years, % female","UIS.LPP.AG15T24","","","","","","","","","","","","","","","","","","","","","","","","","","","","","","","","","","","","","","","","","","","","","","","","","","","","","","","","","","","","","",
"Latin America & Caribbean","LCN","Youth illiterate population, 15-24 years, % female","UIS.LPP.AG15T24","53.05135","52.36591","51.54936","50.72287","49.91297","49.12687","48.33056","47.51733","46.73127","45.95313","45.25428","45.17662","44.66859","43.82725","42.94191","43.13854","43.43455","43.94358","44.55528","45.35733","45.18691","45.60876","45.50131","45.03324","44.66232","44.67672","44.89552","45.08847","44.00671","43.75143","46.15172","45.38986","45.3639","45.68722","43.66209","43.30029","43.46523","43.94533","43.66102","43.42571","42.66725","","","","","","","","","","","","","","","","","","","","",
"Least developed countries: UN classification","LDC","Youth illiterate population, 15-24 years, % female","UIS.LPP.AG15T24","","","","","","59.88354","59.67449","59.46789","59.21226","58.97415","58.76527","58.59772","59.46267","59.38034","59.16834","58.92683","58.62715","58.36627","58.09338","58.01655","57.74142","57.51686","58.29515","58.3664","57.94611","57.4497","59.04659","58.77585","58.9115","58.35675","58.51819","55.91539","57.95846","57.9263","57.65061","54.32178","57.71224","57.56277","57.32084","56.94993","56.28373","","","","","","","","","","","","","","","","","","","","",
"Low income","LIC","Youth illiterate population, 15-24 years, % female","UIS.LPP.AG15T24","","","","","","","","","","60.06145","59.9504","59.91073","60.01418","59.95594","59.70949","59.39978","59.08522","58.78999","58.45261","58.42056","58.12782","57.92902","58.08622","58.01959","57.56886","57.05447","59.70286","59.47254","59.89623","59.22623","59.9522","59.55356","59.35789","59.41298","58.86401","57.96103","58.17371","58.06669","57.80547","57.43944","56.64432","","","","","","","","","","","","","","","","","","","","",
"Liechtenstein","LIE","Youth illiterate population, 15-24 years, % female","UIS.LPP.AG15T24","","","","","","","","","","","","","","","","","","","","","","","","","","","","","","","","","","","","","","","","","","","","","","","","","","","","","","","","","","","","","",
"Sri Lanka","LKA","Youth illiterate population, 15-24 years, % female","UIS.LPP.AG15T24","","","","","","54.16327","","","","","","","","","","","","","","","","","","","","43.5592","","","","","40.96451","","35.0065","","38.44369","","","","","","40.29807","37.27361","","","","","","","","","","","","","","","","","","","",
"Lower middle income","LMC","Youth illiterate population, 15-24 years, % female","UIS.LPP.AG15T24","62.25162","62.09593","61.8953","61.63553","61.34962","61.04925","60.72893","60.47512","60.14147","59.83033","59.52795","59.45519","61.79552","61.6894","61.53476","61.50579","61.69445","62.10085","61.88419","61.59225","61.40303","61.20223","63.35345","63.04551","63.09262","62.68556","62.0883","62.62964","62.0735","63.71922","62.83442","60.86497","62.02417","61.61299","60.56906","57.87629","60.15361","59.48603","58.68788","57.99776","57.34259","","","","","","","","","","","","","","","","","","","","",
"Low & middle income","LMY","Youth illiterate population, 15-24 years, % female","UIS.LPP.AG15T24","64.9978","64.87837","64.55254","64.20147","63.74396","63.30558","62.79262","62.51377","62.07021","61.6509","61.23939","61.04596","62.08997","61.91668","61.63833","61.51795","61.52851","61.69443","61.43272","61.16344","60.86873","60.29504","61.70807","61.39215","61.28206","60.84201","61.08161","61.41662","61.09297","61.97112","61.5651","60.14477","60.79752","60.38068","59.5375","57.5942","59.0489","58.5504","57.98404","57.4225","56.73033","","","","","","","","","","","","","","","","","","","","",
"Lending category not classified","LNX","Youth illiterate population, 15-24 years, % female","UIS.LPP.AG15T24","","","","","","","","","","","","","","","","","","","","","","","","","","","","","","","","","","","","","","","","","","","","","","","","","","","","","","","","","","","","","",
"Lesotho","LSO","Youth illiterate population, 15-24 years, % female","UIS.LPP.AG15T24","","","","","","","","","","","","","","","","","","","","","","","","","13.72766","","","","","","","","","23.15403","","","","","22.6626","","","","","","","","","","","","","","","","","","","","","","",
"Late-demographic dividend","LTE","Youth illiterate population, 15-24 years, % female","UIS.LPP.AG15T24","73.94731","73.78857","73.46186","72.93382","72.23296","71.5315","70.48403","70.15285","69.51096","68.79997","68.02912","67.23984","64.3037","63.56521","62.69081","62.65092","62.37745","62.15787","61.95171","61.80924","61.50408","57.45466","57.08055","56.63429","54.66573","56.46058","56.3095","57.06434","54.69355","54.3461","54.70003","53.76891","53.53195","53.05362","51.97579","53.2936","50.82367","48.53897","47.62719","46.88089","45.21389","","","","","","","","","","","","","","","","","","","","",
"Lithuania","LTU","Youth illiterate population, 15-24 years, % female","UIS.LPP.AG15T24","","","","","","","","","","","","","","43.52798","","","","","","","","","","","","42.52517","","","","","","","","","","45.34848","","","","","","","","","","","","","","","","","","","","","","","","","",
"Luxembourg","LUX","Youth illiterate population, 15-24 years, % female","UIS.LPP.AG15T24","","","","","","","","","","","","","","","","","","","","","","","","","","","","","","","","","","","","","","","","","","","","","","","","","","","","","","","","","","","","","",
"Latvia","LVA","Youth illiterate population, 15-24 years, % female","UIS.LPP.AG15T24","","","","","","","","","","","","","","40.20411","","","","","","","","","","","42.61814","","","","","","","","","","","38.63871","","","","","","","","","","","","","","","","","","","","","","","","","",
"Macao SAR, China","MAC","Youth illiterate population, 15-24 years, % female","UIS.LPP.AG15T24","","","","","","53.18675","","","","","","","","","","","","","","","","","","","","27.70898","","","","","44.59005","","","","","48.55937","","","","","32.23829","","","","","","","","","","","","","","","","","","","","",
"St. Martin (French part)","MAF","Youth illiterate population, 15-24 years, % female","UIS.LPP.AG15T24","","","","","","","","","","","","","","","","","","","","","","","","","","","","","","","","","","","","","","","","","","","","","","","","","","","","","","","","","","","","","",
"Morocco","MAR","Youth illiterate population, 15-24 years, % female","UIS.LPP.AG15T24","","","","","","","61.47491","","","","","","","","","","","","64.90604","","","","","","","","","","67.4726","","","","68.00789","67.70053","","69.6214","68.98946","","","","","","","","","","","","","","","","","","","","","","","","",
"Monaco","MCO","Youth illiterate population, 15-24 years, % female","UIS.LPP.AG15T24","","","","","","","","","","","","","","","","","","","","","","","","","","","","","","","","","","","","","","","","","","","","","","","","","","","","","","","","","","","","","",
"Moldova","MDA","Youth illiterate population, 15-24 years, % female","UIS.LPP.AG15T24","","","","","","","","","","","","","","48.23298","","","","","","","","","","","36.18454","","","","","","","","","","","","37.64173","","","","","","","","","","","","","","","","","","","","","","","","",
"Madagascar","MDG","Youth illiterate population, 15-24 years, % female","UIS.LPP.AG15T24","","","","","","","","","","","","","","","","","","","","","","","","","53.66141","","","","","","","","","51.44209","","","53.4582","","","","","","","","","","","","","","","","","","","","","","","","",
"Maldives","MDV","Youth illiterate population, 15-24 years, % female","UIS.LPP.AG15T24","","44.26212","","","","","","","","42.13954","","","","","46.77187","","","","","47.35082","","","","","46.69629","","","","","","41.30792","","","","","","","","31.6955","","","","","","","","","","","","","","","","","","","","","","",
"Middle East & North Africa","MEA","Youth illiterate population, 15-24 years, % female","UIS.LPP.AG15T24","64.87413","64.79987","64.8202","64.83372","64.87464","64.95264","65.04243","65.63013","65.75798","65.88624","65.99089","66.02305","66.02995","66.01235","66.27158","66.96276","66.94425","67.6024","67.39531","66.9621","66.69802","66.38769","65.90132","65.41251","64.94222","64.72663","64.43682","68.27239","67.74789","67.32476","64.21157","64.19137","64.58792","62.55775","62.38427","62.48027","62.44449","61.51508","61.02879","60.75054","60.51785","","","","","","","","","","","","","","","","","","","","",
"Mexico","MEX","Youth illiterate population, 15-24 years, % female","UIS.LPP.AG15T24","","","","","56.97609","","","","","","","","","","55.90751","","","","","","","","","","51.59855","","56.44623","","48.39887","49.44711","54.18313","50.33624","50.00757","54.0665","47.31276","47.72269","42.36684","47.95799","45.36535","45.95633","44.18041","","","","","","","","","","","","","","","","","","","","",
"Marshall Islands","MHL","Youth illiterate population, 15-24 years, % female","UIS.LPP.AG15T24","","","","","","","","","","","","","","","","","","","","","","","","","","","","","","","","","","","","40.81499","","","","","","","","","","","","","","","","","","","","","","","","","",
"Middle income","MIC","Youth illiterate population, 15-24 years, % female","UIS.LPP.AG15T24","65.71027","65.55376","65.1703","64.75716","64.22449","63.72827","63.14871","62.84324","62.36225","61.90651","61.44993","61.23722","62.45272","62.26836","61.99621","61.92975","62.03142","62.31713","62.09976","61.79799","61.52843","60.91409","62.7589","62.41705","62.46566","62.05719","61.52601","62.07285","61.50878","62.99294","62.19031","60.36863","61.42213","60.79316","59.83427","57.44557","59.44612","58.78034","58.07283","57.41369","56.77684","","","","","","","","","","","","","","","","","","","","",
"North Macedonia","MKD","Youth illiterate population, 15-24 years, % female","UIS.LPP.AG15T24","","","","","","","","","","","","","","","","","","","61.4673","","","","","","","","58.59491","","","","","","","","","","","","53.43271","","","","","","","","","","","","","","","","","","","","","","",
"Mali","MLI","Youth illiterate population, 15-24 years, % female","UIS.LPP.AG15T24","53.53144","","","","","","","","","","","","","","","","","","","","","","54.58314","","","","","","","","56.1906","","","","59.65253","57.73086","","","","60.1779","","","","","","","","","","","","","","","","","","","","","",
"Malta","MLT","Youth illiterate population, 15-24 years, % female","UIS.LPP.AG15T24","","","","","","","","","","25.881","","","","","","","","","","26.84829","","","","","","","","","","24.98163","","","","","","26.61762","","","","","","","","","","","","","","","","","","","","","","","","","",
"Myanmar","MMR","Youth illiterate population, 15-24 years, % female","UIS.LPP.AG15T24","","","","","","","","62.83692","","","","","","","","","","","","","","","","","61.21616","","","","","","","","","","","","","","","","51.21609","","","","","","","","","","","","","","","","","","","","",
"Middle East & North Africa (excluding high income)","MNA","Youth illiterate population, 15-24 years, % female","UIS.LPP.AG15T24","65.02419","64.96739","64.98671","65.00945","65.01699","65.08224","65.17436","65.74975","65.82771","65.91132","66.04145","66.0974","66.09569","66.0502","66.27313","66.92735","66.88721","67.50475","67.2256","66.69321","66.41706","66.09775","65.90149","65.44114","65.00378","64.81929","64.57469","68.76605","68.19804","67.71179","64.50924","64.49372","64.91755","62.67037","62.45298","62.67966","62.62975","61.65803","61.18021","60.8963","60.70889","","","","","","","","","","","","","","","","","","","","",
"Montenegro","MNE","Youth illiterate population, 15-24 years, % female","UIS.LPP.AG15T24","","","","","","65.13655","","","","","","","","","","56.32949","","","","","","","","","","","","52.99192","","","","","","","","58.16824","","","","","","","","","","","","","","","","","","","","","","","","","",
"Mongolia","MNG","Youth illiterate population, 15-24 years, % female","UIS.LPP.AG15T24","","","","","","","","","","","","","","","","","","","","","","","","","33.74844","","","","","","","","","","35.20151","","","","","","","","","","","","","","","","","","","","","","","","","","",
"Northern Mariana Islands","MNP","Youth illiterate population, 15-24 years, % female","UIS.LPP.AG15T24","","","","","","","","","","","","","","","","","","","","","","","","","","","","","","","","","","","","","","","","","","","","","","","","","","","","","","","","","","","","","",
"Mozambique","MOZ","Youth illiterate population, 15-24 years, % female","UIS.LPP.AG15T24","","","","","68.04762","","","","","","","","","","","","","","","","","63.20128","","","","","","66.87433","","","","","","68.65582","","","","","","64.28888","","","","","","","","","","","","","","","","","","","","","",
"Mauritania","MRT","Youth illiterate population, 15-24 years, % female","UIS.LPP.AG15T24","","","","","","","","","","","","","","","","","","","","","","","","","57.21614","","","","","","","60.12106","","","","","","","","","","","","","","","","","","","","","","","","","","","","","",
"Montserrat","MSR","Youth illiterate population, 15-24 years, % female","UIS.LPP.AG15T24","","","","","","","","","","","","","","","","","","","","","","","","","","","","","","","","","","","","","","","","","","","","","","","","","","","","","","","","","","","","","",
"Mauritius","MUS","Youth illiterate population, 15-24 years, % female","UIS.LPP.AG15T24","","","","","","","","","","","","","","","46.33571","","","","","","","","","","42.35614","","","","","","","","","","","37.69539","","","","","","","","","","","","","","","","","","","","","","","","","",
"Malawi","MWI","Youth illiterate population, 15-24 years, % female","UIS.LPP.AG15T24","","","","","","","","","","","","63.39443","","","","","","","","","","","62.18691","","","","","","","","","","","","54.01501","","","","55.77026","49.23145","","","","","","","","","","","","","","","","","","","","","",
"Malaysia","MYS","Youth illiterate population, 15-24 years, % female","UIS.LPP.AG15T24","","","","","56.0625","","","","","","","","","","","53.15671","","","","","","","","","48.89626","","","","","","","","","","47.38557","","","","","","43.1854","","","","","","","","","","","","","","","","","","","","",
"Mayotte","MYT","Youth illiterate population, 15-24 years, % female","UIS.LPP.AG15T24","","","","","","","","","","","","","","","","","","","","","","","","","","","","","","","","","","","","","","","","","","","","","","","","","","","","","","","","","","","","","",
"North America","NAC","Youth illiterate population, 15-24 years, % female","UIS.LPP.AG15T24","","","","","","","","","","","","","","","","","","","","","","","","","","","","","","","","","","","","","","","","","","","","","","","","","","","","","","","","","","","","","",
"Namibia","NAM","Youth illiterate population, 15-24 years, % female","UIS.LPP.AG15T24","","","","","","","","","","","","","","","","40.50103","","","","","","","","","","42.17758","","","","","","36.5703","","","","42.16042","","","","","","","","","","","","","","","","","","","","","","","","","",
"New Caledonia","NCL","Youth illiterate population, 15-24 years, % female","UIS.LPP.AG15T24","39.15684","","","","","","","","","","","","","45.57289","","","","","","","46.78782","","","","","","","","","","","","","","","","","","44.91473","","","","","","","","","","","","","","","","","","","","","","",
"Niger","NER","Youth illiterate population, 15-24 years, % female","UIS.LPP.AG15T24","","","","","","","","","","","","","","","","","","","","","","","","","","57.3077","","","","64.77199","","","","","","","58.64349","","","","","","","","","","","","","","","","","","","","","","","","",
"Nigeria","NGA","Youth illiterate population, 15-24 years, % female","UIS.LPP.AG15T24","","","","","","","","","","","","","","","","66.32927","","","","","","","","","","","","63.67173","","","","","62.55544","","","","","","","","","","","","","","","","","","","","","","","","","","","","",
"Nicaragua","NIC","Youth illiterate population, 15-24 years, % female","UIS.LPP.AG15T24","","","","","","","","","","","","","","","","","","","","","","","","","","40.15257","","","","42.25612","","","","","","","","","","","","","","","","","","","","","","","","","","","","","","","",
"Niue","NIU","Youth illiterate population, 15-24 years, % female","UIS.LPP.AG15T24","","","","","","","","","","","","","","","","","","","","","","","","","","","","","","","","","","","","","","","","","","","","","","","","","","","","","","","","","","","","","",
"Netherlands","NLD","Youth illiterate population, 15-24 years, % female","UIS.LPP.AG15T24","","","","","","","","","","","","","","","","","","","","","","","","","","","","","","","","","","","","","","","","","","","","","","","","","","","","","","","","","","","","","",
"Norway","NOR","Youth illiterate population, 15-24 years, % female","UIS.LPP.AG15T24","","","","","","","","","","","","","","","","","","","","","","","","","","","","","","","","","","","","","","","","","","","","","","","","","","","","","","","","","","","","","",
"Nepal","NPL","Youth illiterate population, 15-24 years, % female","UIS.LPP.AG15T24","","","","","","59.67125","","","","","","","","","","67.08378","","","","","","","","","","68.28234","","","","","","","","","","68.54353","","","","","","","","","","","","","","","","","","","","","","","","","",
"Nauru","NRU","Youth illiterate population, 15-24 years, % female","UIS.LPP.AG15T24","","","","","","","","","","","","","","","","","","","","","","","","","","","","","","","","","","","","","","","","","","","","","","","","","","","","","","","","","","","","","",
"New Zealand","NZL","Youth illiterate population, 15-24 years, % female","UIS.LPP.AG15T24","","","","","","","","","","","","","","","","","","","","","","","","","","","","","","","","","","","","","","","","","","","","","","","","","","","","","","","","","","","","","",
"OECD members","OED","Youth illiterate population, 15-24 years, % female","UIS.LPP.AG15T24","","","","","","","","","","","","","","","","","","","","","","","","","","","","","","","","","","","","","","","","","","","","","","","","","","","","","","","","","","","","","",
"Oman","OMN","Youth illiterate population, 15-24 years, % female","UIS.LPP.AG15T24","","","","","","","","","","","","","","","","","","","","","","","","","","","","59.60236","","","","","42.94462","","33.84027","","","","42.70832","61.61084","31.15933","29.81645","","","","","","","","","","","","","","","","","","","",
"Other small states","OSS","Youth illiterate population, 15-24 years, % female","UIS.LPP.AG15T24","","","","","","","","","55.02386","55.00646","54.87665","54.69596","54.53888","54.46858","54.4562","54.23691","54.04265","54.03833","53.84711","53.98341","54.17663","54.32995","55.25223","55.14381","54.74516","54.30356","53.7225","53.24603","52.6543","52.13774","50.78088","49.36475","48.63072","49.30389","51.06028","50.77329","50.49006","50.5794","50.12679","49.70149","49.31623","","","","","","","","","","","","","","","","","","","","",
"Pakistan","PAK","Youth illiterate population, 15-24 years, % female","UIS.LPP.AG15T24","","","","","","56.50939","","","","","","","","","","","","","","","","","62.0318","","","","","","","65.54054","65.38848","","64.17032","63.75145","63.64379","61.47745","63.10901","62.71109","61.6735","","","","","","","","","","","","","","","","","","","","","","",
"Panama","PAN","Youth illiterate population, 15-24 years, % female","UIS.LPP.AG15T24","","","","","47.11595","","","","","","","","","","52.34467","","","","","","","","","","54.82991","","","","","","","","","","55.52516","","","","","","","","","","","","","","","","","","","","","","","","","","",
"Peru","PER","Youth illiterate population, 15-24 years, % female","UIS.LPP.AG15T24","","","","","","74.69","","","","","","","","","","","","66.92262","","","","","","","","","","","65.85202","63.50455","66.56853","61.72329","","","","","49.89608","","57.90731","60.67806","58.18418","59.52027","","","","","","","","","","","","","","","","","","","",
"Philippines","PHL","Youth illiterate population, 15-24 years, % female","UIS.LPP.AG15T24","","","","","44.63359","","","","","","","","","","44.5821","","","","46.10516","","","","","","42.68585","","","33.96112","","","","","32.82695","","","","","30.67361","","","","","","","","","","","","","","","","","","","","","","","",
"Palau","PLW","Youth illiterate population, 15-24 years, % female","UIS.LPP.AG15T24","","","","","","","","","","","","","","","","","","","","","","","","","","","","","","","","","","","","","","40.44156","","28.12758","","","","","","","","","","","","","","","","","","","","","",
"Papua New Guinea","PNG","Youth illiterate population, 15-24 years, % female","UIS.LPP.AG15T24","","","","","","","","","","","","","","","","","","","","","","","","","52.54374","","","","","","","","","","43.33345","","","","","","","","","","","","","","","","","","","","","","","","","","",
"Poland","POL","Youth illiterate population, 15-24 years, % female","UIS.LPP.AG15T24","","","44.40157","","","","","","","","","","44.39092","","","","","","","","","","44.3891","","","","","","","","","","44.23284","","","","","","","","","","","","","","","","","","","","","","","","","","","","",
"Pre-demographic dividend","PRE","Youth illiterate population, 15-24 years, % female","UIS.LPP.AG15T24","","","","","","","","","","","62.81115","62.77575","62.55841","62.40557","62.17087","61.89237","61.57392","61.3014","61.02856","60.67443","60.3223","60.05759","60.19688","60.49141","61.36024","60.87375","60.7076","60.30804","60.27037","59.87865","60.03307","59.95394","59.77301","59.57738","59.33294","58.74855","59.10102","59.09659","58.85574","58.61072","58.03797","","","","","","","","","","","","","","","","","","","","",
"Puerto Rico","PRI","Youth illiterate population, 15-24 years, % female","UIS.LPP.AG15T24","","","","","45.69068","","","","","","","","","","43.12938","","","","","","","","","","","","","","","","","","","","48.70981","","","","","","","48.65015","","","","","","","","","","","","","","","","","","","",
"Korea, Dem. People’s Rep.","PRK","Youth illiterate population, 15-24 years, % female","UIS.LPP.AG15T24","","","","","","","","","","","","","","","","","","","","","","","","","","","","","","","","","27.09947","","","","","","","","","","","","","","","","","","","","","","","","","","","","",
"Portugal","PRT","Youth illiterate population, 15-24 years, % female","UIS.LPP.AG15T24","","","","","","42.8965","","","","","","","","","","45.81665","","","","","","","","","","","","","","","","","","","","45.46521","","","","","","","","","","","","","","","","","","","","","","","","","",
"Paraguay","PRY","Youth illiterate population, 15-24 years, % female","UIS.LPP.AG15T24","","","","","","","51.95244","","","","","","","","","","52.18858","","","","","","","","","","","","","","","49.82245","42.54764","33.29061","44.99886","","51.09847","35.29696","57.34359","37.6066","41.0349","","","","","","","","","","","","","","","","","","","","",
"West Bank and Gaza","PSE","Youth illiterate population, 15-24 years, % female","UIS.LPP.AG15T24","","","","","","","","","","","","","","","","","","","","","","46.91124","","","","","","","53.12117","","46.15145","52.98941","59.09727","49.02991","46.97347","45.14033","53.16903","54.54341","52.41101","54.42248","54.62875","","","","","","","","","","","","","","","","","","","","",
"Pacific island small states","PSS","Youth illiterate population, 15-24 years, % female","UIS.LPP.AG15T24","","","","","","","","","","","","","","","","","","","","","","","","","","","","","","","","","","","","","","","","","","","","","","","","","","","","","","","","","","","","","",
"Post-demographic dividend","PST","Youth illiterate population, 15-24 years, % female","UIS.LPP.AG15T24","","","","","","","","","","","","","","","","","","","","","","","","","","","","","","","","","","","","","","","","","","","","","","","","","","","","","","","","","","","","","",
"French Polynesia","PYF","Youth illiterate population, 15-24 years, % female","UIS.LPP.AG15T24","","","","","","","","","","","","","","","","","","","","","","","","","","","","","","","","","","","","","","","","","","","","","","","","","","","","","","","","","","","","","",
"Qatar","QAT","Youth illiterate population, 15-24 years, % female","UIS.LPP.AG15T24","","","","","","","","","","","31.42141","","","","","","","","","","","31.66824","","","","","","","23.96911","","","30.86125","19.2709","23.79442","","","","11.40683","12.9667","","13.7265","","","","","","","","","","","","","","","","","","","","",
"Romania","ROU","Youth illiterate population, 15-24 years, % female","UIS.LPP.AG15T24","","","","","","","","","","","","","","","","","52.99429","","","","","","","","","","48.41945","","","","","","","","","49.46657","","","","","","","","","","","","","","","","","","","","","","","","","",
"Russian Federation","RUS","Youth illiterate population, 15-24 years, % female","UIS.LPP.AG15T24","","","","","","","","","","","","","","43.85182","","","","","","","","","","","","","40.89561","","","","","","","","40.81292","","","","","","","","","","","","","","","","","","","","","","","","","","",
"Rwanda","RWA","Youth illiterate population, 15-24 years, % female","UIS.LPP.AG15T24","","","58.52744","","","","","","","","","","","","","","","","","","","","","","54.11074","","","","","","","","","","49.05934","","47.21215","","46.59404","","","","","","","","","","","","","","","","","","","","","","",
"South Asia","SAS","Youth illiterate population, 15-24 years, % female","UIS.LPP.AG15T24","61.76147","61.6098","61.40608","61.14809","60.85714","60.54744","60.20058","59.86631","59.50134","59.15741","58.82163","58.54893","61.5515","61.50377","61.39983","61.37238","61.68576","62.14302","61.95025","61.76614","61.59543","61.46867","64.25942","63.89216","63.43728","63.03523","62.39597","62.82419","62.17264","64.50301","64.07428","61.39761","63.04365","62.47977","61.15951","57.61629","60.89335","60.18689","59.21266","58.29938","57.3986","","","","","","","","","","","","","","","","","","","","",
"Saudi Arabia","SAU","Youth illiterate population, 15-24 years, % female","UIS.LPP.AG15T24","","","","","","","","","","","","","","","","","72.24442","","","","","","","","76.03738","","","","61.81463","","","","","","","","","53.94989","","","","","","","","","","","","","","","","","","","","","","","",
"Sudan","SDN","Youth illiterate population, 15-24 years, % female","UIS.LPP.AG15T24","","","","","","","","","","","","","","","","","","","","","","","","","65.49524","","","","","","","","54.08868","","","","","","","","","","","","","","","","","","","","","","","","","","","","",
"Senegal","SEN","Youth illiterate population, 15-24 years, % female","UIS.LPP.AG15T24","","","","","","","","","","","","","58.51458","","","","","","","","","","","","","","58.88247","","","","57.02952","","","62.97258","","61.13608","","55.67636","","","","59.70721","","","","","","","","","","","","","","","","","","","",
"Singapore","SGP","Youth illiterate population, 15-24 years, % female","UIS.LPP.AG15T24","","","","","50.10004","","","","","","","","","","44.32717","","","","","","","","","","39.31591","","","","","","","","","","46.61454","52.25825","50.17943","48.00325","47.41516","37.04295","39.71327","","","","","","","","","","","","","","","","","","","","",
"Solomon Islands","SLB","Youth illiterate population, 15-24 years, % female","UIS.LPP.AG15T24","","","","","","","","","","","","","","","","","","","","","","","","","","","","","","","","","","","","","","","","","","","","","","","","","","","","","","","","","","","","","",
"Sierra Leone","SLE","Youth illiterate population, 15-24 years, % female","UIS.LPP.AG15T24","","","","","","","","","","","","","","","","","","","","","","","","","","","","","61.13701","","","","","","","","","58.69611","","","","","","","","","","","","","","","","","","","","","","","",
"El Salvador","SLV","Youth illiterate population, 15-24 years, % female","UIS.LPP.AG15T24","","","","","","","","","","","","","","","","","51.05111","","","","","","","","","","","","","","46.08668","48.66018","44.53933","48.03457","46.50419","45.17059","","45.78393","","38.73083","43.56998","46.1421","","","","","","","","","","","","","","","","","","","",
"San Marino","SMR","Youth illiterate population, 15-24 years, % female","UIS.LPP.AG15T24","","","","","","","","","","","","","","","","","","","","","","","","","","","","","","","","","","","","","","","","","","","","","","","","","","","","","","","","","","","","","",
"Somalia","SOM","Youth illiterate population, 15-24 years, % female","UIS.LPP.AG15T24","","","","","","","","","","","","","","","","","","","","","","","","","","","","","","","","","","","","","","","","","","","","","","","","","","","","","","","","","","","","","",
"Serbia","SRB","Youth illiterate population, 15-24 years, % female","UIS.LPP.AG15T24","","","","","","","","","","","","","","","","","","","","","","","","","","","","","","","","","","","","51.16857","","","","","47.59496","","","","","","","","","","","","","","","","","","","","",
"Sub-Saharan Africa (excluding high income)","SSA","Youth illiterate population, 15-24 years, % female","UIS.LPP.AG15T24","","","","","","","","","","61.38854","61.26863","61.17157","60.94399","60.83074","60.56426","60.32571","59.9682","59.63458","59.25345","58.88806","58.4435","58.07719","58.08732","58.1622","58.88237","58.35371","60.24918","59.87181","60.11789","59.49444","59.57669","59.37724","59.12986","59.12324","58.80279","58.09004","58.29058","58.16375","57.80878","57.49021","56.89102","","","","","","","","","","","","","","","","","","","","",
"South Sudan","SSD","Youth illiterate population, 15-24 years, % female","UIS.LPP.AG15T24","","","","","","","","","","","","","","","","","","","","","","","","","","","","","","","","","55.53674","","","","","","","","","","","","","","","","","","","","","","","","","","","","",
"Sub-Saharan Africa","SSF","Youth illiterate population, 15-24 years, % female","UIS.LPP.AG15T24","","","","","","","","","","61.38807","61.26824","61.17126","60.94373","60.83054","60.56411","60.3256","59.96806","59.63446","59.25333","58.88795","58.4434","58.0771","58.08724","58.16213","58.88229","58.35362","60.24909","59.87172","60.1178","59.49435","59.57661","59.37716","59.12977","59.12314","58.8027","58.08994","58.29048","58.16366","57.80868","57.49012","56.89093","","","","","","","","","","","","","","","","","","","","",
"Small states","SST","Youth illiterate population, 15-24 years, % female","UIS.LPP.AG15T24","","","","","","","","","","","","51.77548","51.67001","51.63224","51.67907","51.5279","51.42532","51.46864","51.37436","51.61878","51.85883","52.07367","52.90751","52.94248","52.67278","52.35678","51.92106","51.55778","51.09228","50.68999","49.62258","48.44037","47.83483","48.50183","50.01929","49.73287","49.5078","49.55367","49.14403","48.76316","48.42397","","","","","","","","","","","","","","","","","","","","",
"Sao Tome and Principe","STP","Youth illiterate population, 15-24 years, % female","UIS.LPP.AG15T24","","","","","","75.13102","","","","","","","","","","65.26946","","","","","","","","","","55.71767","","","","","","","56.88801","","","","55.54414","","","","","","","","","","","","","","","","","","","","","","","","",
"Suriname","SUR","Youth illiterate population, 15-24 years, % female","UIS.LPP.AG15T24","","","","","","","","","","","","","","","","","","","","","","","","","","","","","56.40035","","","","45.28782","","36.01455","","57.67072","","","","","","","","","","","","","","","","","","","","","","","","",
"Slovak Republic","SVK","Youth illiterate population, 15-24 years, % female","UIS.LPP.AG15T24","","","","","","","","","","","","","","","","","","","","","","","","","","","","","","","","","","","","","","","","","","","","","","","","","","","","","","","","","","","","","",
"Slovenia","SVN","Youth illiterate population, 15-24 years, % female","UIS.LPP.AG15T24","","","","","","","","","","","","","","","","45.09569","","","","","","","","","","","","","31.33532","","","","","","","","","","31.00087","","","","","","","","","","","","","","","","","","","","","","",
"Sweden","SWE","Youth illiterate population, 15-24 years, % female","UIS.LPP.AG15T24","","","","","","","","","","","","","","","","","","","","","","","","","","","","","","","","","","","","","","","","","","","","","","","","","","","","","","","","","","","","","",
"Eswatini","SWZ","Youth illiterate population, 15-24 years, % female","UIS.LPP.AG15T24","54.27327","","","","","","","","","","51.34971","","","","","","","","","","","","","","44.10833","","","","","","","","","","40.06182","","","","","","","","","","","","","","","","","","","","","","","","","","",
"Sint Maarten (Dutch part)","SXM","Youth illiterate population, 15-24 years, % female","UIS.LPP.AG15T24","","","","","","","","","","","","","","","","","","","","","","","","","","","","","","","","","","","","","","","","","","","","","","","","","","","","","","","","","","","","","",
"Seychelles","SYC","Youth illiterate population, 15-24 years, % female","UIS.LPP.AG15T24","","","","","","","","","","","","31.923","","","","","","","35.78943","","","","","","","","33.00607","","","","","","","","27.40835","","","","","","","","","","","","","","","","","","","","","","","","","","",
"Syrian Arab Republic","SYR","Youth illiterate population, 15-24 years, % female","UIS.LPP.AG15T24","","","","","","78.35901","","","","","","","","","","","","","","","","","","","","","70.24483","","63.30799","","","","","","","","","","","","","","","","","","","","","","","","","","","","","","","","",
"Turks and Caicos Islands","TCA","Youth illiterate population, 15-24 years, % female","UIS.LPP.AG15T24","","","","","","","","","","","","","","","","","","","","","","","","","","","","","","","","","","","","","","","","","","","","","","","","","","","","","","","","","","","","","",
"Chad","TCD","Youth illiterate population, 15-24 years, % female","UIS.LPP.AG15T24","","","","","","","","","","","","","","","","","","55.0618","","","","","","","63.12566","","","","59.63974","","","","","","","","","","","60.34204","56.442","","","","","","","","","","","","","","","","","","","","",
"East Asia & Pacific (IDA & IBRD countries)","TEA","Youth illiterate population, 15-24 years, % female","UIS.LPP.AG15T24","75.51215","75.49223","75.4404","75.20148","74.78465","74.28471","73.47043","73.27577","72.80092","72.25006","71.60072","73.04374","70.72377","69.90934","69.08082","68.01916","67.01604","66.08021","65.34839","64.66286","64.21603","60.88413","60.40279","59.50389","58.62796","59.00614","58.49178","57.4734","55.77181","54.92648","55.2974","53.59557","52.61583","51.40205","50.69029","50.41503","50.09458","48.99235","48.68366","48.55933","47.98593","","","","","","","","","","","","","","","","","","","","",
"Europe & Central Asia (IDA & IBRD countries)","TEC","Youth illiterate population, 15-24 years, % female","UIS.LPP.AG15T24","","","","","","","","73.70482","73.30703","72.25161","71.18016","70.00278","68.6959","73.26344","71.98822","71.16954","70.22898","69.27476","68.28065","67.25646","66.3549","65.30797","64.73098","63.02869","70.04377","69.59467","69.04105","67.93912","66.53253","66.86165","66.16657","67.01196","66.99995","65.39961","64.62244","62.80974","61.46997","59.98216","58.88622","57.36385","55.88817","","","","","","","","","","","","","","","","","","","","",
"Togo","TGO","Youth illiterate population, 15-24 years, % female","UIS.LPP.AG15T24","","","","","","","","","","","","","","","","","","","","","","","","","69.27874","","","","","","67.87753","","","67.18532","","67.48398","","","","67.5645","","","","","","","","","","","","","","","","","","","","","",
"Thailand","THA","Youth illiterate population, 15-24 years, % female","UIS.LPP.AG15T24","","","","","60.90939","","","","","","","","","","","","","","","","","","","","52.37253","","","","","53.8493","","","","","50.25437","","","39.33118","","45.31418","","","","","","","","","","","","","","","","","","","","","",
"Tajikistan","TJK","Youth illiterate population, 15-24 years, % female","UIS.LPP.AG15T24","","","","","","","","","","","","","","55.79949","","","","","","","","","","","48.79821","","","","","","","","","","","","","","40.91991","","","","","","","","","","","","","","","","","","","","","","",
"Tokelau","TKL","Youth illiterate population, 15-24 years, % female","UIS.LPP.AG15T24","","","","","","","","","","","","","","","","","","","","","","","","","","","","","","","","","","","","","","","","","","","","","","","","","","","","","","","","","","","","","",
"Turkmenistan","TKM","Youth illiterate population, 15-24 years, % female","UIS.LPP.AG15T24","","","","","","","","","","","","","","","","","","","","48.87489","","","","","","","","","","","","","","","","","","","29.90907","","","","","","","","","","","","","","","","","","","","","","",
"Latin America & the Caribbean (IDA & IBRD countries)","TLA","Youth illiterate population, 15-24 years, % female","UIS.LPP.AG15T24","53.0938","52.40298","51.58042","50.74832","49.93364","49.14445","48.34502","47.52847","46.73908","45.95764","45.25695","45.19088","44.67921","43.83158","42.93843","43.13294","43.42737","43.93653","44.55027","45.35778","45.18198","45.6055","45.49353","45.01693","44.63901","44.67042","44.90885","45.12654","44.05762","43.827","46.21887","45.43358","45.38432","45.69514","43.64802","43.27587","43.43816","43.92466","43.63913","43.40517","42.63838","","","","","","","","","","","","","","","","","","","","",
"Timor-Leste","TLS","Youth illiterate population, 15-24 years, % female","UIS.LPP.AG15T24","","","","","","","","","","","","","","","","","","","","","","","","","","","","","","","","","","","51.57815","","","","","","","","","","","","","","","","","","","","","","","","","","",
"Middle East & North Africa (IDA & IBRD countries)","TMN","Youth illiterate population, 15-24 years, % female","UIS.LPP.AG15T24","65.03064","64.97399","64.99361","65.01669","65.02458","65.09026","65.18284","65.75925","65.83784","65.92213","66.05309","66.10973","66.10869","66.06383","66.28862","66.94521","66.90624","67.52693","67.25064","66.72147","66.44822","66.13133","65.93779","65.48014","65.04549","64.86458","64.5766","68.77397","68.212","67.72307","64.52501","64.5049","64.92419","62.68039","62.46501","62.69252","62.63796","61.66431","61.1882","60.9027","60.7147","","","","","","","","","","","","","","","","","","","","",
"Tonga","TON","Youth illiterate population, 15-24 years, % female","UIS.LPP.AG15T24","54.44148","","","","","","","","","","","","","","","","","","","","45.00779","","","","","","","","","","37.73815","","","","","42.29987","","","","","","","","","","","","","","","","","","","","","","","","","",
"South Asia (IDA & IBRD)","TSA","Youth illiterate population, 15-24 years, % female","UIS.LPP.AG15T24","61.76147","61.6098","61.40608","61.14809","60.85714","60.54744","60.20058","59.86631","59.50134","59.15741","58.82163","58.54893","61.5515","61.50377","61.39983","61.37238","61.68576","62.14302","61.95025","61.76614","61.59543","61.46867","64.25942","63.89216","63.43728","63.03523","62.39597","62.82419","62.17264","64.50301","64.07428","61.39761","63.04365","62.47977","61.15951","57.61629","60.89335","60.18689","59.21266","58.29938","57.3986","","","","","","","","","","","","","","","","","","","","",
"Sub-Saharan Africa (IDA & IBRD countries)","TSS","Youth illiterate population, 15-24 years, % female","UIS.LPP.AG15T24","","","","","","","","","","61.38807","61.26824","61.17126","60.94373","60.83054","60.56411","60.3256","59.96806","59.63446","59.25333","58.88795","58.4434","58.0771","58.08724","58.16213","58.88229","58.35362","60.24909","59.87172","60.1178","59.49435","59.57661","59.37716","59.12977","59.12314","58.8027","58.08994","58.29048","58.16366","57.80868","57.49012","56.89093","","","","","","","","","","","","","","","","","","","","",
"Trinidad and Tobago","TTO","Youth illiterate population, 15-24 years, % female","UIS.LPP.AG15T24","","","","","48.44363","","","","","","","","","","49.67803","","","","","","","","","","51.25654","","","","","","","","","","46.5272","","","","","","","","","","","","","","","","","","","","","","","","","","",
"Tunisia","TUN","Youth illiterate population, 15-24 years, % female","UIS.LPP.AG15T24","","","","","","","","","71.72384","","","","","","","","","","","","","","","","","","","","67.98267","","","70.52189","68.81885","","67.93453","66.97798","67.23667","","54.62231","","","","","","","","","","","","","","","","","","","","","","",
"Turkey","TUR","Youth illiterate population, 15-24 years, % female","UIS.LPP.AG15T24","","","","","80.08116","","","","","76.68813","","","","","77.32622","","","","","","","","","","","","","","77.01039","78.40914","77.98359","79.86337","","77.40998","77.72753","78.47282","79.09603","79.77532","80.13657","80.66142","81.28095","","","","","","","","","","","","","","","","","","","","",
"Tuvalu","TUV","Youth illiterate population, 15-24 years, % female","UIS.LPP.AG15T24","","","","","","","","","","","","","","","","","","","","","","","","","","","","","","","","","","","","","","","","","","","","","","","","","","","","","","","","","","","","","",
"Tanzania","TZA","Youth illiterate population, 15-24 years, % female","UIS.LPP.AG15T24","","","","","","","","","","","","","61.73573","","","","","","","","","","","","","","55.76416","","","","","","","","54.6769","","54.91348","","","54.47017","","","","","","","","","","","","","","","","","","","","","",
"Uganda","UGA","Youth illiterate population, 15-24 years, % female","UIS.LPP.AG15T24","","","","","","","","","","","","","","","","61.74064","","","","","","","","","","","62.85176","","","","59.63827","","","","58.27809","","56.2127","","","","","","","","","","","","","","","","","","","","","","","","",
"Ukraine","UKR","Youth illiterate population, 15-24 years, % female","UIS.LPP.AG15T24","","","","","","","","","","","","","","","","","","","","","","","","","","41.78284","","","","","","","","","","","27.76468","","","","","","","","","","","","","","","","","","","","","","","","",
"Upper middle income","UMC","Youth illiterate population, 15-24 years, % female","UIS.LPP.AG15T24","73.11656","73.00769","72.71556","72.45534","71.7771","71.15437","70.23311","69.96347","69.37398","68.73289","68.05655","67.51237","65.11922","64.6372","63.95087","63.7665","63.50303","63.28031","63.07819","62.76112","62.13589","58.85409","58.67907","58.05979","56.64631","57.46639","57.38216","57.77079","55.65228","55.31152","55.40674","54.34893","54.34036","53.08256","52.9415","53.03202","52.89242","52.28259","52.4425","52.21313","51.80125","","","","","","","","","","","","","","","","","","","","",
"Uruguay","URY","Youth illiterate population, 15-24 years, % female","UIS.LPP.AG15T24","","","","","","","","","","36.55241","","","","","","","","","","","33.95776","","","","","","","","","","33.69575","38.60218","32.40757","33.34933","31.32281","37.97776","33.049","31.69012","25.80147","35.32426","32.27386","31.4025","","","","","","","","","","","","","","","","","","","",
"United States","USA","Youth illiterate population, 15-24 years, % female","UIS.LPP.AG15T24","","","","","","","","","","","","","","","","","","","","","","","","","","","","","","","","","","","","","","","","","","","","","","","","","","","","","","","","","","","","","",
"Uzbekistan","UZB","Youth illiterate population, 15-24 years, % female","UIS.LPP.AG15T24","","","","","","","","","","","","","","","","","","","","","","","","","41.46823","","","","","","","","","","","","","48.9417","-2231.99639","-2184.30154","48.8757","","","","","","","","","","","","","","","","","","","","",
"St. Vincent and the Grenadines","VCT","Youth illiterate population, 15-24 years, % female","UIS.LPP.AG15T24","","","","","","","","","","","","","","","","","","","","","","","","","","","","","","","","","","","","","","","","","","","","","","","","","","","","","","","","","","","","","",
"Venezuela, RB","VEN","Youth illiterate population, 15-24 years, % female","UIS.LPP.AG15T24","","","","","","43.60729","","","","","","","","","39.18404","","","","","","","","","","","33.84967","","","","","","35.85142","","40.17936","","35.53748","","","","33.9843","36.1357","","","","","","","","","","","","","","","","","","","","",
"British Virgin Islands","VGB","Youth illiterate population, 15-24 years, % female","UIS.LPP.AG15T24","","","","","","","","","","","","","","","","","","","","","","","","","","","","","","","","","","","","","","","","","","","","","","","","","","","","","","","","","","","","","",
"Virgin Islands (U.S.)","VIR","Youth illiterate population, 15-24 years, % female","UIS.LPP.AG15T24","","","","","","","","","","","","","","","","","","","","","","","","","","","","","","","","","","","","","","","","","","","","","","","","","","","","","","","","","","","","","",
"Vietnam","VNM","Youth illiterate population, 15-24 years, % female","UIS.LPP.AG15T24","","","","60.24633","","","","","","","","","","52.34511","","","","","","","","","","51.78947","56.84394","","","","","","","","","54.40938","","","","","","","","","","","","","","","","","","","","","","","","","","","",
"Vanuatu","VUT","Youth illiterate population, 15-24 years, % female","UIS.LPP.AG15T24","","","","55.11859","","","","","54.68183","","","","","","","","","","52.92521","","","","","","","","","","49.18995","","","","","","","","","","47.47321","","","","","","","","","","","","","","","","","","","","","","",
"World","WLD","Youth illiterate population, 15-24 years, % female","UIS.LPP.AG15T24","64.83779","64.71766","64.39253","64.04209","63.59004","63.15708","62.64892","62.37631","61.94168","61.53091","61.12355","60.93142","61.96953","61.80584","61.53346","61.41879","61.43024","61.59735","61.34161","61.08636","60.80218","60.23928","61.61937","61.31186","61.2077","60.7786","61.02126","61.35099","61.03803","61.91555","61.51044","60.10166","60.74835","60.34297","59.50434","57.55985","59.00626","58.51474","57.94961","57.38959","56.69844","","","","","","","","","","","","","","","","","","","","",
"Samoa","WSM","Youth illiterate population, 15-24 years, % female","UIS.LPP.AG15T24","","","","","","","","","","","","","","","","50.44996","","","","","","","","","","","","","","","","","","","","33.63292","","","","","","","","","","","","","","","","","","","","","","","","","",
"Kosovo","XKX","Youth illiterate population, 15-24 years, % female","UIS.LPP.AG15T24","","","","","","","","","","","","","","","","","","","","","","","","","","","","","","","","","","","","","","","","","","","","","","","","","","","","","","","","","","","","","",
"Yemen, Rep.","YEM","Youth illiterate population, 15-24 years, % female","UIS.LPP.AG15T24","","","","","","","","","","","","","","","","","","","77.89614","","","","","","","","","","84.22892","","","","","","","","","","","","","","","","","","","","","","","","","","","","","","","","",
"South Africa","ZAF","Youth illiterate population, 15-24 years, % female","UIS.LPP.AG15T24","","","","","50.89937","","","","","","","","","","","","","","","","46.87948","","","","","","","","","","","38.87","","35.83799","40.18664","34.72922","32.31411","","40.58419","36.57042","","","","","","","","","","","","","","","","","","","","","",
"Zambia","ZMB","Youth illiterate population, 15-24 years, % female","UIS.LPP.AG15T24","","","","","","","","","","","","","","","51.29455","","","","","","","","","55.19612","","","60.16085","","","","","58.27289","","","60.48138","","","","","","","","","","","","","","","","","","","","","","","","","","",
"Zimbabwe","ZWE","Youth illiterate population, 15-24 years, % female","UIS.LPP.AG15T24","","","","","","","71.11195","","","","","","","","","","61.98491","","","","","","","","","","","","","","","","","","","43.56116","","","35.85426","","","","","","","","","","","","","","","","","","","","","","",
